City_ID,City,Country,Max Temp,Current Description,Lat,Lng,Hotel Name
1,Vila Velha,BR,86.0,few clouds,-20.3297,-40.2925,Quality Suites Vila Velha
4,Butaritari,KI,82.31,overcast clouds,3.0707,172.7902,Isles Sunset Lodge
6,Kankon,IN,86.0,scattered clouds,15.0167,74.0167,Palolem Beach Resort
8,Nouadhibou,MR,78.8,scattered clouds,20.930999999999997,-17.0347,El Medina
9,Poum,NC,77.09,broken clouds,-20.2333,164.0167,G√Æte kajeon
11,Kruisfontein,ZA,75.0,clear sky,-34.0033,24.7314,Oyster Bay House Rental
13,Atuona,PF,80.29,light rain,-9.8,-139.0333,Villa Enata
14,Puerto Escondido,MX,82.4,clear sky,15.85,-97.0667,Aldea del Bazar Hotel and Spa
16,Oussouye,SN,104.0,clear sky,12.485,-16.5469,Auberge du Routard
17,Nanakuli,US,68.0,clear sky,21.3906,-158.1547,Camp PƒÅlehua
18,Saint-Philippe,RE,77.0,overcast clouds,-21.3585,55.7679,"Chambres d'h√¥te ""La Trinit√©"""
19,Mazamari,PE,85.15,overcast clouds,-11.3258,-74.5308,Hospedaje Ratto
21,Kpandae,GH,96.69,overcast clouds,8.4689,-0.0113,S. Amaski Guest House
25,Cayenne,GF,81.0,broken clouds,4.9333,-52.3333,H√¥tel Le Dronmi
26,Vanimo,PG,76.1,overcast clouds,-2.6741,141.3028,Vahmoneh Lodge Vanimo
27,Conde,BR,77.0,broken clouds,-7.2597,-34.9075,Pousada Beija Flor
30,Rikitea,PF,76.75,clear sky,-23.1203,-134.9692,Pension Maro'i
31,Bilma,NE,104.2,scattered clouds,18.6853,12.9164,Expeditions T√©n√©re voyages
32,Cape Town,ZA,81.0,clear sky,-33.9258,18.4232,Southern Sun Waterfront Cape Town
35,Kapaa,US,69.8,overcast clouds,22.0752,-159.319,Sheraton Kauai Resort at Coconut Beach
36,Puerto Ayora,EC,78.8,broken clouds,-0.7393,-90.3518,Finch Bay Galapagos Hotel
37,Chaman,PK,71.71,overcast clouds,30.9236,66.4512,Niamat parda Center chaman
39,Bengkulu,ID,75.25,broken clouds,-3.8004,102.2655,Grage Hotel Bengkulu
44,Vaini,TO,69.8,few clouds,-21.2,-175.2,Keleti Beach Resort
45,Dingle,PH,77.56,light rain,10.9995,122.6711,SEGAYA PROPERTY
46,Bredasdorp,ZA,80.6,clear sky,-34.5322,20.0403,Bredasdorp Country Manor
47,Russell,US,68.0,clear sky,32.3502,-85.1999,Macs
48,Kavaratti,IN,84.79,broken clouds,10.5669,72.642,Hotels in Lakshadweep Islands
49,Muros,ES,68.0,overcast clouds,42.7762,-9.0603,Apartment Av. Castelao
50,Salalah,OM,84.2,few clouds,17.0151,54.0924,HAMDAN PLAZA HOTEL SALALAH
56,Hobyo,SO,83.82,scattered clouds,5.3505,48.5268,Halane Hotel and Restaurent
60,Ribeira Grande,PT,66.2,few clouds,38.5167,-28.7,Quinta da Meia Eira
63,Labuhan,ID,78.22,overcast clouds,-6.8844,112.2051,PT PPI Lamongan Tambak C
64,Victoria,HK,73.0,overcast clouds,22.2855,114.1577,Mini Hotel Central
65,Castro,BR,67.12,overcast clouds,-24.7911,-50.0119,CHACARA BAILLY
72,Acari,PE,80.49,few clouds,-15.4311,-74.6158,HOSPEDAJE XIMENA
73,Mareeba,AU,75.2,overcast clouds,-17.0,145.4333,Trinity Plains Tourist Park
76,Gidam,IN,85.05,scattered clouds,18.9833,81.4,Dhanshree Lodge And DormItory
78,Lethem,GY,86.0,scattered clouds,3.3803,-59.7968,Savannah Inn
79,Mount Isa,AU,69.8,clear sky,-20.7333,139.5,ibis Styles Mt Isa Verona
81,Bambanglipuro,ID,76.28,scattered clouds,-7.95,110.2833,Puri Brata
84,Morondava,MG,78.13,scattered clouds,-20.2833,44.2833,La Case Bambou
89,Kieta,PG,78.84,scattered clouds,-6.2167,155.6333,Uruna Bay Retreat
90,San Vicente,AR,80.69,light rain,-26.6167,-54.1333,Complejo Tur√≠stico Farelluk
91,Mahebourg,MU,75.2,light rain,-20.4081,57.7,Shandrani Beachcomber Resort & Spa
94,Chuy,UY,73.76,few clouds,-33.6971,-53.4616,Nuevo Hotel Plaza
95,Avarua,CK,77.0,light rain,-21.2078,-159.775,Paradise Inn
99,Capitan Bado,PY,86.5,clear sky,-23.2667,-55.5333,Hotel Suiza
100,Rawson,AR,74.16,broken clouds,-43.3002,-65.1023,Hosteria Sampedro
102,Gashua,NG,104.49,broken clouds,12.870999999999999,11.0482,Forte Oil - Old Lorry Park
105,Sola,VU,82.67,broken clouds,-13.8833,167.55,Leumerus Bungalows
107,Auki,SB,77.4,overcast clouds,-8.7676,160.7034,Auki Motel
108,Hilo,US,68.0,few clouds,19.7297,-155.09,Hilo Hawaiian Hotel
112,Macau,MO,73.4,scattered clouds,22.2006,113.5461,Grand Emperor Hotel
116,Sahbuz,AZ,73.4,broken clouds,39.4072,45.5739,
119,El Seibo,DO,84.2,scattered clouds,18.7641,-69.0375,Defensa Civil del Seibo
121,Agua Dulce,MX,82.4,scattered clouds,18.1333,-94.1333,Hotel Victoria
123,Sambava,MG,76.95,light rain,-14.2667,50.1667,Melrose
124,Dawlatabad,AF,68.76,scattered clouds,36.4141,64.9053,WASIM ASGAR KHAN
125,Port-Gentil,GA,87.8,few clouds,-0.7193,8.7815,Fengshui Residence
127,Kahului,US,69.8,light rain,20.8947,-156.47,Maui Seaside Hotel
128,Port Elizabeth,ZA,78.8,clear sky,-33.918,25.5701,39 On Nile Guest House
130,Mar Del Plata,AR,71.6,broken clouds,-38.0023,-57.5575,Gran Hotel Mar del Plata
131,Cidreira,BR,73.53,few clouds,-30.1811,-50.2056,Hotel Castelo
132,Hithadhoo,MV,83.59,clear sky,-0.6,73.0833,Scoop Guest House
133,Hambantota,LK,80.6,few clouds,6.1241,81.1185,Bungalow 63
134,Mahanoro,MG,70.77,light rain,-19.9,48.8,BUNGALOW MAHAMANINA
137,Porto Novo,BJ,75.2,scattered clouds,6.4965,2.6036,Tour Eiffel Hotel Benin
139,Nanga Eboko,CM,81.18,light rain,4.6833,12.3667,Motel Papi Palace
140,Geraldton,AU,66.2,scattered clouds,-28.7667,114.6,Broadwater Mariner Resort
141,Zhuhai,CN,73.4,scattered clouds,22.2769,113.5678,Nanyang Seascape Hotel Zhuhai Hotel
143,Antofagasta,CL,72.0,few clouds,-23.65,-70.4,Holiday Inn Express Antofagasta
144,Inhambane,MZ,75.2,few clouds,-23.865,35.3833,Oceano
147,Hami,CN,65.23,few clouds,42.8,93.45,Laoyutang Resort
151,Cockburn Town,TC,82.4,clear sky,21.4612,-71.1419,Osprey Beach Hotel
153,Mahina,PF,77.0,few clouds,-17.5065,-149.489,Guest Beach Bungalow Tahiti
156,Jamame,SO,83.34,broken clouds,0.0722,42.7506,
159,Cap Malheureux,MU,77.0,overcast clouds,-19.9842,57.6142,Pereybere Hotel & Spa
161,Alta Floresta,BR,82.4,broken clouds,-9.8756,-56.0861,Floresta Amazonica Hotel
162,Tura,IN,69.31,broken clouds,25.5198,90.2201,Hotel RIKMAN Continental
164,Mogadishu,SO,83.75,overcast clouds,2.0371,45.3438,Hotel Juba
165,Tibagi,BR,75.34,broken clouds,-24.5094,-50.4136,Hotel Formigas na Figueira
168,Kilosa,TZ,69.4,overcast clouds,-6.8333,36.9833,New Bondeni Hotel
169,General Pico,AR,78.12,overcast clouds,-35.6566,-63.7568,Hotel Malargue
170,Ipixuna,BR,80.6,moderate rain,-1.7625,-48.8043,Casa da Oscarina
171,Sao Filipe,CV,73.8,clear sky,14.8961,-24.4956,Tortuga B&B
173,Taoudenni,ML,96.49,clear sky,22.6783,-3.9836,
175,Nouakchott,MR,93.2,clear sky,18.0858,-15.9785,HOTEL IMAN ŸÅŸÜÿØŸÇ ÿ•ŸäŸÖÿßŸÜ
176,High Rock,BS,82.4,broken clouds,26.6208,-78.2833,Hideaway Bahamas Beach Club
177,Bokoro,TD,106.12,broken clouds,12.3807,17.0568,
178,Ugoofaaru,MV,84.61,scattered clouds,5.6667,73.0,Ungoofaaru Inn
181,Pisco,PE,69.8,broken clouds,-13.7,-76.2167,Hotel San Isidro Oficial
183,Amahai,ID,78.49,overcast clouds,-3.3333,128.9167,HOTEL ISABELA
184,Dicabisagan,PH,74.8,overcast clouds,17.0818,122.4157,Nancy Montanes Bernardo
189,Mollendo,PE,71.37,scattered clouds,-17.0231,-72.0147,Hostal La Casa de Melgar
190,Puerto Narino,CO,73.4,light rain,-3.7703,-70.3831,Eware Refugio Amazonico
196,East London,ZA,78.8,clear sky,-33.0153,27.9116,Tu Casa
201,Bambous Virieux,MU,77.0,light rain,-20.3428,57.7575,Casa Tia Villa
202,Vila,PT,68.0,overcast clouds,42.0304,-8.1588,Hotel Castrum Villae by Walk Hotels
203,Vikarabad,IN,84.2,few clouds,17.3333,77.9,Hotel PRINCE DELUXE LODGE
205,Bull Savanna,JM,83.77,scattered clouds,17.8868,-77.5902,Big Red's
206,Hermanus,ZA,73.99,clear sky,-34.4187,19.2345,Misty Waves Boutique Hotel
207,Teguise,ES,73.4,few clouds,29.0605,-13.564,B&B La Casona de Nazaret
208,La Palma,US,73.99,clear sky,33.8464,-118.0467,La Quinta Inn & Suites by Wyndham Buena Park
209,Arraial Do Cabo,BR,82.4,few clouds,-22.9661,-42.0278,Pousada Porto Praia
210,Karratha,AU,81.16,clear sky,-20.7377,116.8463,ibis Styles Karratha
211,Atambua,ID,72.05,broken clouds,-9.1061,124.8925,Pastori 1 Jemaat Polycarpus
215,Alcala De Henares,ES,66.0,clear sky,40.4821,-3.36,Parador de Alcal√° de Henares
216,Tiznit,MA,73.45,overcast clouds,29.5833,-9.5,
219,Nicoya,CR,82.4,broken clouds,10.1483,-85.45200000000001,Guayacan Real
224,Dabou,CI,87.8,few clouds,5.3256,-4.3769,R√©sidence N'Da
225,Tiarei,PF,77.0,few clouds,-17.5333,-149.3333,Le Rocher de Tahiti
226,Teknaf,BD,77.76,clear sky,20.8624,92.3058,Forestry Guesthouse
227,Umm Lajj,SA,81.27,clear sky,25.0213,37.2685,Moon light Furnished Units
228,Tessalit,ML,99.52,clear sky,20.1986,1.0114,
232,Sandakan,MY,78.8,few clouds,5.8402,118.1179,Hotel Sandakan
233,Port Alfred,ZA,73.74,clear sky,-33.5906,26.891,The Halyards Hotel
234,Carnarvon,AU,76.26,clear sky,-24.8667,113.6333,Hospitality Carnarvon
239,Santa Maria,BR,77.0,broken clouds,-29.6842,-53.8069,Hotel Morotin
241,Paita,PE,87.8,clear sky,-5.0892,-81.1144,Hotel N√°utico de Paita
242,Namibe,AO,83.62,few clouds,-15.1961,12.1522,Hotel Chik Chik Namibe
244,Georgetown,MY,84.2,few clouds,5.4112,100.3354,Cititel Penang
246,Pangai,TO,77.67,overcast clouds,-19.8,-174.35,Ha'apai Beach Resort
250,Isangel,VU,77.32,heavy intensity rain,-19.55,169.2667,Tanna Lodge
253,Isla Del Bosque,MX,75.2,clear sky,22.7333,-105.85,ALBERGUE COMUNITARIO ISLA DEL BOSQUE
257,Guiratinga,BR,88.39,clear sky,-16.3494,-53.7583,Hotel Angra do Cerrado - Guiratinga MT
258,Boa Vista,BR,87.8,scattered clouds,2.8197,-60.6733,Aipana Plaza Hotel
259,Jacareacanga,BR,74.7,overcast clouds,-6.2222,-57.7528,Casa do Ianüòé
260,Macapa,BR,80.6,moderate rain,0.0389,-51.0664,Atalanta Hotel
264,Bathsheba,BB,86.0,scattered clouds,13.2167,-59.5167,Atlantis Hotel
265,Pochutla,MX,86.0,clear sky,15.7432,-96.4661,Hotel Posada San Jose
267,Esperanza,DO,84.2,scattered clouds,19.5847,-70.9849,Caba√±as Bernard - Alojamientos Tur√≠sticos
271,Bati,ET,73.67,broken clouds,11.1833,40.0167,Adi 01 Kebele
272,Ponta Do Sol,PT,68.0,few clouds,32.6667,-17.1,Hotel do Campo
274,Marawi,PH,75.0,light rain,7.9986,124.2928,Derogongan Residence
277,Rantauprapat,ID,73.33,overcast clouds,2.1,99.8333,Permata Land Hotel & Resort
278,Sakakah,SA,91.4,clear sky,29.9697,40.2064,Fakhamat Al Orjoana Apartment
281,Honiara,SB,77.45,broken clouds,-9.4333,159.95,Heritage Park Hotel
284,Maine-Soroa,NE,104.36,scattered clouds,13.2114,12.0241,Complexe
286,Jalu,LY,99.14,overcast clouds,29.0331,21.5482,ÿµÿßÿ≠ÿ®ÿ© ÿßŸÑŸÅÿÆÿßŸÖÿ©
290,Lata,PT,73.0,overcast clouds,40.1629,-8.3327,Casa Maquia
291,Richards Bay,ZA,70.88,clear sky,-28.783,32.0377,BON Hotel Waterfront Richards Bay
292,Belmonte,BR,82.4,scattered clouds,-15.8631,-38.8828,Pousada Monte Carmelo O P√£o
293,Palembang,ID,74.62,overcast clouds,-2.9167,104.7458,ASTON Palembang Hotel & Conference Center
295,Dong Xoai,VN,75.25,overcast clouds,11.5333,106.9167,Kh√°ch S·∫°n B√¨nh Ph∆∞·ªõc - Kh√°ch S·∫°n Ng·ªçc Lan
298,Najran,SA,84.2,scattered clouds,17.4924,44.1277,ŸÖÿ≠ŸÖÿØ ŸáÿßÿØŸä ÿßŸÑ ŸÅÿ∑Ÿäÿ≠
300,Ranong,TH,80.02,overcast clouds,9.9658,98.6348,Tinidee Hotel@Ranong
303,Maues,BR,80.08,broken clouds,-3.3836,-57.7186,Hotel Miramar
305,Khorramshahr,IR,96.8,clear sky,30.4397,48.1664,ÿØŸÅÿ™ÿ± ŸÜŸÖÿß€åŸÜÿØ⁄Ø€å ÿ¥ÿ±⁄©ÿ™ ÿ®ÿßÿ≤ÿßÿ±€åÿßÿ®ÿßŸÜ ÿß€åÿ±ÿßŸÜ€åÿßŸÜ ÿ≤ŸÖ€åŸÜBIZ
306,Port Keats,AU,75.02,broken clouds,-14.25,129.55,TDC Village (Hundred Man Camp)
310,Ambilobe,MG,76.8,overcast clouds,-13.2,49.05,H√¥tel & Restaurant DIANA Ambilobe
312,Bondo,CD,75.13,light rain,3.8146,23.6866,
313,Abu Dhabi,AE,87.8,clear sky,24.4667,54.3667,Ramee Garden Hotel Apartments
314,Makakilo City,US,69.8,clear sky,21.3469,-158.0858,Marriott's Ko Olina Beach Club
315,Mindelo,CV,77.0,few clouds,16.8901,-24.9804,Hotel Gaudi
316,Funadhoo,MV,84.72,broken clouds,6.15,73.2667,Dhaffalhu Tourist Lodge
321,San Cristobal,VE,91.4,scattered clouds,7.7669,-72.225,Posada Villaven C.A.
322,Banyo,CM,77.29,light rain,6.75,11.8167,Motel JOMBA
324,Pakokku,MM,91.31,scattered clouds,21.3333,95.1,Royal Palace Motel
326,Kidal,ML,103.6,clear sky,18.4411,1.4078,
329,Idil,TR,68.5,broken clouds,37.3411,41.8895,ƒ∞dil √ñƒüretmen Evi Ve Aso M√ºd√ºrl√ºƒü√º
330,Tanta,EG,90.39,clear sky,30.7885,31.0019,Hesham & Fouad Pharma Group Pharmacies
331,Quang Ngai,VN,74.19,scattered clouds,15.1167,108.8,Central Hotel
334,Faanui,PF,81.97,clear sky,-16.4833,-151.75,Bora-Bora Pearl Beach Resort & Spa
337,Dalaba,GN,86.65,overcast clouds,10.7,-12.25,H√¥tel Tangama
340,Kungsbacka,SE,66.0,clear sky,57.4872,12.0761,Hotell Halland AB
341,Buluang,PH,76.12,moderate rain,13.3068,123.3425,Enon Beach Resort
342,Palatka,US,66.0,light rain,29.6486,-81.6376,Holiday Inn Express & Suites Palatka Northwest
344,Effingham,US,71.6,scattered clouds,32.3669,-81.3332,Elizabeth Hobbs
345,Khanapur,IN,78.8,scattered clouds,15.6333,74.5167,PWD Guest House Khanapur
346,Cerritos,US,73.99,clear sky,33.8583,-118.0648,Sheraton Cerritos Hotel
349,Thinadhoo,MV,83.7,few clouds,0.5333,72.9333,
352,Piacabucu,BR,82.63,broken clouds,-10.4056,-36.4344,Pia√ßabu√ßu News
353,Khash,IR,71.67,overcast clouds,28.2211,61.2158,ÿØŸÅÿ™ÿ± Ÿæ€åÿ¥ÿÆŸàÿßŸÜ ÿØŸàŸÑÿ™ ÿ¨ŸÖÿßŸÑ ÿ≤Ÿá€å (ÿÆÿßŸÑÿØ)
356,Besikduzu,TR,71.6,broken clouds,41.052,39.2284,YKT
358,Fasa,IR,78.8,scattered clouds,28.9383,53.6482,Fasa University Boys' Dormitory
361,Safaga,EG,87.8,clear sky,26.7292,33.9365,Lamar Resort Abu Soma
362,Manthani,IN,97.63,broken clouds,18.65,79.6667,Social Welfare Boys Hostel
364,Ahmadpur,IN,93.88,clear sky,18.7,76.9333,Hengane (Pitashri Niwas)
365,Moron,AR,73.0,scattered clouds,-34.6534,-58.6198,Hotel Mor√≥n
366,Arua,UG,75.06,overcast clouds,3.0201,30.9111,Golden Courts Hotel
368,Sao Jose Da Coroa Grande,BR,80.69,overcast clouds,-8.8978,-35.1478,Cr√¥a Mares Hotel
370,Matara,LK,79.68,overcast clouds,5.9485,80.5353,Amaloh Boutique Resort
371,Cabo San Lucas,MX,78.01,clear sky,22.8909,-109.9124,Hotel Tesoro Los Cabos
372,San Carlos,VE,92.19,overcast clouds,9.6612,-68.5827,Hotel Paternopoli
374,Barranca,PE,71.8,broken clouds,-10.75,-77.7667,El Olivar Hospedaje
378,Popondetta,PG,73.58,overcast clouds,-8.7537,148.2534,Timos Transit House
379,Balabac,PH,80.82,overcast clouds,7.9868,117.0645,Sing and Swing Lodge
382,Shache,CN,65.41,overcast clouds,38.4167,77.2406,Delong Hotel
385,Tautira,PF,77.0,few clouds,-17.7333,-149.15,Pension Oaoa
387,Kupang,ID,77.74,broken clouds,-10.1667,123.5833,Hotel On The Rock by Prasanthi
388,Tamandare,BR,80.15,overcast clouds,-8.7597,-35.1047,Pousada 100 Passos
389,Los Llanos De Aridane,ES,71.6,few clouds,28.6585,-17.9182,Valle Aridane
392,Dhadar,IN,87.3,scattered clouds,28.3305,75.0632,‡§¢‡§æ‡§¢‡§∞
393,Grand Gaube,MU,77.0,overcast clouds,-20.0064,57.6608,Veranda Paul et Virginie Hotel & Spa
394,Alexandria,EG,89.6,clear sky,31.2156,29.9553,Royal Crown Hotel
395,Mwingi,KE,69.49,broken clouds,-0.9344,38.0601,Thorn Tree by The Address
399,Esmeraldas,BR,80.6,overcast clouds,-19.7625,-44.3139,Forasteiro Pousada - Hotel
402,Mugla,TR,75.2,broken clouds,37.2303,28.3557,Petek Hotel
404,Mwinilunga,ZM,65.77,overcast clouds,-11.7358,24.4293,Kwakuwahi Lodge
406,Alyangula,AU,75.2,overcast clouds,-13.8483,136.4192,Groote Eylandt Lodge
407,Prestea,GH,89.58,overcast clouds,5.4327,-2.1428,Channel 5
408,Vao,NC,76.15,broken clouds,-22.6667,167.4833,Hotel Kou-Bugny
409,Bangolo,CI,94.24,broken clouds,7.0069,-7.475,R√©sidence h√¥tel yekoula
412,Sinnamary,GF,82.71,overcast clouds,5.3833,-52.95,ALETHEIA Appartement Sinnamary
414,Sao Gabriel,BR,79.0,scattered clouds,-30.3364,-54.32,Hotel Obino
415,Myrtle Beach,US,73.99,few clouds,33.6891,-78.8867,Bay View Resort Myrtle Beach
416,Saint-Joseph,RE,77.0,overcast clouds,-21.3667,55.6167,"""Plantation Bed and Breakfast"
417,Veraval,IN,81.93,clear sky,20.9,70.3667,Lords Inn Somnath
418,Riverside,US,75.99,clear sky,33.7333,-116.0508,
419,Inirida,CO,82.38,overcast clouds,3.8653,-67.9239,Fuente del Guania Hotel de Lujo
420,Coahuayana,MX,75.2,clear sky,18.7333,-103.6833,El rranchito michuacan de ocampos
421,Lorengau,PG,80.15,overcast clouds,-2.0226,147.2712,Lorengau Harbourside Hotel
426,Saint-Pierre,RE,77.0,overcast clouds,-21.3393,55.4781,Lindsey H√¥tel
427,Atakpame,TG,93.83,broken clouds,7.5333,1.1333,H√¥tel Luxembourg Atakpame
429,Fethiye,TR,75.2,broken clouds,36.6217,29.1164,Club & Hotel Letoonia
431,Waingapu,ID,76.46,overcast clouds,-9.6567,120.2641,Pondok Wisata Elim
434,Alofi,NU,68.0,broken clouds,-19.0595,-169.9187,Taloa Heights
435,San Ignacio,BZ,82.4,clear sky,17.1561,-89.0714,Rainforest Haven Inn
436,Huarmey,PE,73.0,scattered clouds,-10.0681,-78.1522,Hotel Miramar
437,Samarai,PG,82.47,overcast clouds,-10.6167,150.6667,Nuli Sapi
438,Kangundo,KE,75.2,light rain,-1.2979,37.3471,New Musemei Hotel
439,Harper,LR,85.23,overcast clouds,4.375,-7.7169,Screensaver
440,Amasya,TR,69.8,broken clouds,40.6667,35.8333,Lalehan Hotel
442,Acapulco,MX,80.6,few clouds,16.8634,-99.8901,HS Hotsson Smart Acapulco
444,Tra Vinh,VN,78.67,overcast clouds,9.9347,106.3453,H·ªìng √Çn
445,Fuerte Olimpo,PY,90.88,overcast clouds,-21.0415,-57.8738,Hospedaje DAMI
449,Fare,PF,81.72,clear sky,-16.7,-151.0167,Maitai Lapita Village Huahine
450,Taltal,CL,69.04,clear sky,-25.4,-70.4833,Residencial Karime
453,Conceicao Do Araguaia,BR,77.0,broken clouds,-8.2578,-49.2647,Tarum√£ Tropical Hotel
454,Puerto Del Rosario,ES,71.6,few clouds,28.5004,-13.8627,Hotel JM Puerto del Rosario
455,Biak,ID,74.37,overcast clouds,-0.9131,122.8766,Penginapan Kim
456,Erdemli,TR,76.17,overcast clouds,36.605,34.3084,VERAN HOTEL BEACH CLUB RESTAURANT
457,Yen Bai,VN,70.39,overcast clouds,21.7,104.8667,AK MOTEL
458,Kalmunai,LK,81.39,overcast clouds,7.4167,81.8167,VS Villa
459,Skhisma,GR,71.6,broken clouds,35.2667,25.7167,"Blue Palace, a Luxury Collection Resort and Spa, Crete"
460,Bereda,ES,69.01,overcast clouds,43.2686,-7.5406,Pazo de Verdes
461,Road Town,VG,84.2,scattered clouds,18.4167,-64.6167,"ZINGARA 76ft Catamaran, full crew-all included"
462,Mitu,CO,75.99,overcast clouds,1.1983,-70.1733,
463,Ambon,ID,77.0,scattered clouds,-3.6954,128.1814,Swiss-Belhotel Ambon
464,Vaitape,PF,81.97,clear sky,-16.5167,-151.75,Conrad Bora Bora Nui
467,Gat,IL,89.01,clear sky,31.61,34.7642,OlusHome
468,Morant Bay,JM,87.01,few clouds,17.8815,-76.4093,Whispering Bamboo Cove Resort
470,Souillac,MU,75.2,light rain,-20.5167,57.5167,Shanti Maurice Resort & Spa
472,Upata,VE,90.09,overcast clouds,8.0086,-62.3989,Posada Villa Nela
473,Comarapa,BO,67.8,broken clouds,-17.9,-64.4833,
478,Sao Felix Do Xingu,BR,77.4,overcast clouds,-6.6447,-51.995,Rio Xingu Camping
482,Guarapari,BR,86.0,few clouds,-20.6667,-40.4975,Hotel Porto do Sol
483,Konya,TR,71.6,broken clouds,38.1667,32.5,Bahcesaray Koyu Muhtarligi
484,Saint Simons,US,66.2,light rain,31.1352,-81.3901,Holiday Inn Express Saint Simons Island
485,Praia,CV,80.6,few clouds,14.9215,-23.5087,LT Aparthotel
487,Presidencia Roque Saenz Pena,AR,82.99,clear sky,-26.7852,-60.4388,Hotel Gualok
491,Praia Da Vitoria,PT,66.2,scattered clouds,38.7333,-27.0667,Hotel Branco I
493,Tucuman,AR,78.8,broken clouds,-26.8241,-65.2226,HOTEL MIAMI
495,Noumea,NC,77.0,clear sky,-22.2763,166.4572,H√¥tel Le Lagon
496,Florianopolis,BR,79.0,broken clouds,-27.6146,-48.5012,Hotel Boutique Quinta das Videiras
497,Gweta,BW,74.62,clear sky,-20.1833,25.2333,Gweta Lodge
498,Anloga,GH,73.4,light rain,5.7947,0.8973,Pin Drop Hotel
499,Peniche,PT,70.0,overcast clouds,39.3558,-9.3811,Hotel Star inn Peniche
500,Amapa,BR,73.51,overcast clouds,1.0,-52.0,
501,Faya,SA,75.2,broken clouds,18.3851,42.4509,ŸÖŸÇÿ®ÿ±ÿ© ÿßŸÑ ŸÖÿ¨ŸÖŸÑ
505,Santa Lucia,ES,72.0,few clouds,27.9117,-15.5407,Las Tirajanas
506,Sao Teotonio,PT,68.0,scattered clouds,37.5128,-8.7071,Aterra
507,Norsup,VU,79.59,overcast clouds,-16.0667,167.3833,Nabelchel Bungalows
509,Jequitinhonha,BR,91.18,scattered clouds,-16.4339,-41.0033,Hotel Bela Vista
511,Padang,ID,77.45,broken clouds,-0.9492,100.3543,Mercure Padang
513,Nyaunglebin,MM,78.49,few clouds,17.95,96.7333,Royal Motel
514,The Valley,AI,86.0,few clouds,18.217,-63.0578,CeBlue Villas & Beach Resort
517,Ouargaye,BF,102.15,light rain,11.5033,0.0572,R√©sidence le Cotonnier
519,Tam Ky,VN,78.8,few clouds,15.5667,108.4833,Kh√°ch S·∫°n ƒê√¥ng √Å
520,Santa Cruz,BO,84.9,broken clouds,-17.8,-63.1667,Aviador Hotel Boutique
522,Masumbwe,TZ,67.87,overcast clouds,-3.6333,32.1833,Ngabanya Logde & Filling Station
523,Puerto Carreno,CO,93.04,overcast clouds,6.189,-67.4859,Casa Hotel Victoria
526,Concordia,AR,73.4,scattered clouds,-31.393,-58.0209,Palmar Hotel Casino
530,Sambalpur,IN,82.4,haze,21.45,83.9667,Hotel Saket
531,Kerouane,GN,96.01,overcast clouds,9.2667,-9.0167,
532,Plettenberg Bay,ZA,75.6,clear sky,-34.0527,23.3716,Thanda Vista B&B
536,Arcos,BR,80.56,scattered clouds,-20.2819,-45.5394,Hotel Real Palace
539,Angoche,MZ,74.16,scattered clouds,-16.2325,39.9086,Guest House HESADA
540,Markala,ML,104.63,broken clouds,13.7021,-6.0659,Yaya H√¥tel
541,Kirakira,SB,79.45,broken clouds,-10.4544,161.9205,SanBiz Lodge
543,San Luis,AR,78.75,few clouds,-33.295,-66.3356,Huarpes Hotel
544,Bahia Honda,CU,87.96,overcast clouds,22.9036,-83.1592,Casa Gualberto - Deysi
551,Cairns,AU,75.2,light rain,-16.9167,145.7667,Mantra Trilogy Cairns
552,Wewak,PG,77.2,overcast clouds,-3.5534,143.6268,In Wewak Boutique Hotel
553,Camacha,PT,68.0,few clouds,33.0833,-16.3333,Hotel Porto Santo & Spa
554,Porto Santo,PT,68.0,few clouds,33.071999999999996,-16.3415,Hotel Porto Santo & Spa
555,Carutapera,BR,77.61,moderate rain,-1.195,-46.02,Lidera
558,Chepareria,KE,69.91,overcast clouds,1.3077,35.2039,Hamza Lodge
559,Arlit,NE,105.15,overcast clouds,18.7369,7.3853,Case de Passage De la Prefecture
560,Mozarlandia,BR,88.63,clear sky,-14.7447,-50.5706,Hotel Santa M√¥nica
561,Touros,BR,84.2,broken clouds,-5.1989,-35.4608,INN NEW HORIZON
565,Ondjiva,AO,84.2,clear sky,-17.0667,15.7333,SOS Motel
566,Rio Grande,BR,77.0,scattered clouds,-32.035,-52.0986,Hotel Atl√¢ntico Rio Grande
568,Meulaboh,ID,79.54,overcast clouds,4.1363,96.1285,Kost Pria
569,Caravelas,BR,84.47,scattered clouds,-17.7125,-39.2481,Pousada dos Navegantes
573,Avera,US,71.6,clear sky,33.194,-82.5271,
575,Satipo,PE,84.92,overcast clouds,-11.2522,-74.6386,Hotel Mayros
579,Mumford,GH,84.96,overcast clouds,5.2618,-0.759,Spanish Villa
585,Roebourne,AU,80.6,clear sky,-20.7833,117.1333,Harding River Caravan Park
587,Kourou,GF,81.0,light rain,5.1552,-52.6478,Lodge Takini 4
590,Malayal,PH,82.4,overcast clouds,7.207999999999999,121.94200000000001,
592,Emerald,AU,66.2,clear sky,-23.5333,148.1667,The Irish Village
593,Tomatlan,MX,82.36,clear sky,19.9333,-105.25,Norma franco
595,Sibu,MY,77.0,scattered clouds,2.3,111.8167,RH HOTEL (4 Star)
600,Turbat,PK,86.38,scattered clouds,26.0023,63.044,Mubashar Quarters
606,Caborca,MX,66.99,clear sky,30.5838,-111.101,Hotel Los Lagos
608,Bunda,TZ,73.4,scattered clouds,-2.05,33.8667,Tembea Mara at Balili Village
611,Ratangarh,IN,88.14,broken clouds,28.0833,74.6,Hotel Shri Laxmi Palace
612,General Roca,AR,69.8,clear sky,-39.0333,-67.5833,Hotel y Casino del R√≠o General Roca
615,Dunmore Town,BS,77.77,overcast clouds,25.5,-76.65,Coral Sands Hotel
617,Oudtshoorn,ZA,87.8,clear sky,-33.5907,22.2014,Earthbound Guest House
618,Port Blair,IN,82.35,scattered clouds,11.6667,92.75,Welcomhotel Bay Island Port Blair
619,Tezu,IN,71.26,scattered clouds,27.9167,96.1667,Circuit House
621,Mitsamiouli,KM,81.03,light rain,-11.3847,43.2844,Foyer ADM
622,Marzuq,YE,75.65,broken clouds,14.4,46.4667,
624,Bouna,CI,101.66,broken clouds,9.2667,-3.0,Hotel Reserve
625,Martil,MA,68.0,few clouds,35.6166,-5.2752,ŸÅŸÜÿØŸÇ ŸÖÿ±ÿ™ŸäŸÑ
631,Barra Do Bugres,BR,90.27,broken clouds,-15.0725,-57.1811,Hotel 4AM Petrofurt
632,Kailua,US,71.6,scattered clouds,21.4022,-157.7394,Sheffield House Bed & Breakfast
633,Luwuk,ID,75.2,overcast clouds,-0.9516,122.7875,Hotel Santika Luwuk
636,Natal,BR,84.2,broken clouds,-5.795,-35.2094,Villa Park Hotel | Natal
640,Amuntai,ID,72.64,overcast clouds,-2.4177,115.2494,Hotel Balqis
641,Avenal,US,69.01,clear sky,36.0041,-120.12899999999999,Lodge House Inn The
645,Kismayo,SO,83.26,broken clouds,-0.3582,42.5454,Agan-Hotel
648,Mayumba,GA,82.36,overcast clouds,-3.432,10.6554,LIKWALE LODGE
649,Luanda,AO,87.8,light rain,-8.8368,13.2343,LANDU MARINEZA LUFUANDU TONI
651,Charagua,BO,77.36,broken clouds,-19.8,-63.2167,Residencial Luismar
652,Bonthe,SL,85.89,broken clouds,7.5264,-12.505,Bonthe Holiday Village
654,Madimba,TZ,76.55,scattered clouds,-10.4,40.3333,
655,Bafq,IR,73.54,overcast clouds,31.6128,55.4107,Alamdar Hotel
657,Weligama,LK,80.24,overcast clouds,5.9667,80.4167,Weligama Bay Resort
659,Beloha,MG,65.41,clear sky,-25.1667,45.05,
663,Warah,PK,97.83,overcast clouds,27.4481,67.7978,Nizamuddin Lohaar Home Soomra Muhallah Bhittai Colony Warah.
664,Fougamou,GA,93.2,scattered clouds,-1.2154,10.5838,R√©sidence d'H√¥tes Bapedy
665,Pindwara,IN,86.54,few clouds,24.8,73.0667,Arbuda tour and travels
670,Miraflores,MX,69.8,clear sky,19.2167,-98.8083,Hotel Mansi√≥n
673,Hirara,JP,67.39,clear sky,24.8,125.2833,Hotel Atoll Emerald Miyakojima
674,Mweka,CD,79.68,overcast clouds,-4.85,21.5667,
676,Lumeje,AO,74.52,overcast clouds,-11.55,20.7833,
677,Buin,CL,71.01,haze,-33.7333,-70.75,Paihuen
680,Papara,BR,84.2,broken clouds,-3.9839,-38.7273,Romin
681,Atar,MR,93.2,clear sky,20.5169,-13.0499,Oumou Elghoura
